{
  "testName": "optimize-r5_w1_c40mb",
  "timestamp": "2025-12-25T15:39:22.492Z",
  "isBest": false,
  "configuration": {
    "totalWorkers": 6,
    "readWorkers": 5,
    "writeWorkers": 1,
    "cacheSizeMB": 40,
    "totalReads": 2000,
    "totalWrites": 200
  },
  "results": {
    "readsPerSec": 1977.3434406693705,
    "writesPerSec": 197.73434406693704,
    "opsPerSec": 2175.0777847363074
  }
}