{
  "testName": "optimize-r14_w3_c48mb",
  "timestamp": "2025-12-25T15:40:33.312Z",
  "isBest": false,
  "configuration": {
    "totalWorkers": 17,
    "readWorkers": 14,
    "writeWorkers": 3,
    "cacheSizeMB": 48,
    "totalReads": 2000,
    "totalWrites": 200
  },
  "results": {
    "readsPerSec": 1603.8077774084386,
    "writesPerSec": 161.02165996957848,
    "opsPerSec": 1764.829437378017
  }
}