{
  "testName": "optimize-r14_w3_c64mb",
  "timestamp": "2025-12-25T15:43:14.433Z",
  "isBest": false,
  "configuration": {
    "totalWorkers": 17,
    "readWorkers": 14,
    "writeWorkers": 3,
    "cacheSizeMB": 64,
    "totalReads": 2000,
    "totalWrites": 200
  },
  "results": {
    "readsPerSec": 1156.3397841960445,
    "writesPerSec": 116.09605225944303,
    "opsPerSec": 1272.4358364554876
  }
}