{
  "testName": "optimize-r4_w1_c40mb",
  "timestamp": "2025-12-25T15:39:20.384Z",
  "isBest": false,
  "configuration": {
    "totalWorkers": 5,
    "readWorkers": 4,
    "writeWorkers": 1,
    "cacheSizeMB": 40,
    "totalReads": 2000,
    "totalWrites": 200
  },
  "results": {
    "readsPerSec": 1434.0439420447503,
    "writesPerSec": 143.40439420447504,
    "opsPerSec": 1577.4483362492253
  }
}