{
  "testName": "optimize-r16_w4_c56mb",
  "timestamp": "2025-12-25T15:42:29.191Z",
  "isBest": false,
  "configuration": {
    "totalWorkers": 20,
    "readWorkers": 16,
    "writeWorkers": 4,
    "cacheSizeMB": 56,
    "totalReads": 2000,
    "totalWrites": 200
  },
  "results": {
    "readsPerSec": 1363.0427817386037,
    "writesPerSec": 136.30427817386038,
    "opsPerSec": 1499.3470599124641
  }
}