{
  "testName": "optimize-r21_w5_c8mb",
  "timestamp": "2025-12-25T15:37:06.433Z",
  "isBest": false,
  "configuration": {
    "totalWorkers": 26,
    "readWorkers": 21,
    "writeWorkers": 5,
    "cacheSizeMB": 8,
    "totalReads": 2000,
    "totalWrites": 200
  },
  "results": {
    "readsPerSec": 1444.337788966632,
    "writesPerSec": 143.28747906414998,
    "opsPerSec": 1587.6252680307819
  }
}