{
  "testName": "optimize-r17_w4_c52mb",
  "timestamp": "2025-12-25T15:41:34.395Z",
  "isBest": false,
  "configuration": {
    "totalWorkers": 21,
    "readWorkers": 17,
    "writeWorkers": 4,
    "cacheSizeMB": 52,
    "totalReads": 2000,
    "totalWrites": 200
  },
  "results": {
    "readsPerSec": 1453.5844872455195,
    "writesPerSec": 144.9236776914775,
    "opsPerSec": 1598.508164936997
  }
}