{
  "testName": "optimize-r11_w3_c48mb",
  "timestamp": "2025-12-25T15:40:26.402Z",
  "isBest": false,
  "configuration": {
    "totalWorkers": 14,
    "readWorkers": 11,
    "writeWorkers": 3,
    "cacheSizeMB": 48,
    "totalReads": 2000,
    "totalWrites": 200
  },
  "results": {
    "readsPerSec": 1998.8083527925025,
    "writesPerSec": 200.67955989575077,
    "opsPerSec": 2199.4879126882533
  }
}