{
  "testName": "optimize-r14_w3_c16mb",
  "timestamp": "2025-12-25T15:37:56.910Z",
  "isBest": false,
  "configuration": {
    "totalWorkers": 17,
    "readWorkers": 14,
    "writeWorkers": 3,
    "cacheSizeMB": 16,
    "totalReads": 2000,
    "totalWrites": 200
  },
  "results": {
    "readsPerSec": 1856.7145227477295,
    "writesPerSec": 186.4133961400068,
    "opsPerSec": 2043.1279188877363
  }
}