{
  "testName": "optimize-r17_w4_c56mb",
  "timestamp": "2025-12-25T15:42:31.752Z",
  "isBest": false,
  "configuration": {
    "totalWorkers": 21,
    "readWorkers": 17,
    "writeWorkers": 4,
    "cacheSizeMB": 56,
    "totalReads": 2000,
    "totalWrites": 200
  },
  "results": {
    "readsPerSec": 1418.9692549328488,
    "writesPerSec": 141.47250796937675,
    "opsPerSec": 1560.4417629022255
  }
}