{
  "testName": "optimize-r9_w2_c128mb",
  "timestamp": "2025-12-25T15:43:56.954Z",
  "isBest": false,
  "configuration": {
    "totalWorkers": 11,
    "readWorkers": 9,
    "writeWorkers": 2,
    "cacheSizeMB": 128,
    "totalReads": 2000,
    "totalWrites": 200
  },
  "results": {
    "readsPerSec": 1521.41386143903,
    "writesPerSec": 151.61074852406875,
    "opsPerSec": 1673.0246099630986
  }
}