{
  "testName": "optimize-r13_w3_c40mb",
  "timestamp": "2025-12-25T15:39:44.101Z",
  "isBest": false,
  "configuration": {
    "totalWorkers": 16,
    "readWorkers": 13,
    "writeWorkers": 3,
    "cacheSizeMB": 40,
    "totalReads": 2000,
    "totalWrites": 200
  },
  "results": {
    "readsPerSec": 1562.2209429680825,
    "writesPerSec": 156.84635840988238,
    "opsPerSec": 1719.067301377965
  }
}