{
  "testName": "optimize-r10_w3_c40mb",
  "timestamp": "2025-12-25T15:39:37.244Z",
  "isBest": false,
  "configuration": {
    "totalWorkers": 13,
    "readWorkers": 10,
    "writeWorkers": 3,
    "cacheSizeMB": 40,
    "totalReads": 2000,
    "totalWrites": 200
  },
  "results": {
    "readsPerSec": 1939.387342185905,
    "writesPerSec": 194.90842788968345,
    "opsPerSec": 2134.2957700755883
  }
}