{
  "testName": "optimize-r2_w1_c40mb",
  "timestamp": "2025-12-25T15:39:11.310Z",
  "isBest": false,
  "configuration": {
    "totalWorkers": 2,
    "readWorkers": 2,
    "writeWorkers": 1,
    "cacheSizeMB": 40,
    "totalReads": 2000,
    "totalWrites": 200
  },
  "results": {
    "readsPerSec": 1001.8204710927118,
    "writesPerSec": 100.1820471092712,
    "opsPerSec": 1102.002518201983
  }
}