{
  "testName": "optimize-r14_w4_c48mb",
  "timestamp": "2025-12-25T15:40:35.735Z",
  "isBest": false,
  "configuration": {
    "totalWorkers": 18,
    "readWorkers": 14,
    "writeWorkers": 4,
    "cacheSizeMB": 48,
    "totalReads": 2000,
    "totalWrites": 200
  },
  "results": {
    "readsPerSec": 1542.4751457943773,
    "writesPerSec": 154.09342115827945,
    "opsPerSec": 1696.5685669526567
  }
}