{
  "testName": "optimize-r2_w1_c128mb",
  "timestamp": "2025-12-25T15:43:34.281Z",
  "isBest": false,
  "configuration": {
    "totalWorkers": 3,
    "readWorkers": 2,
    "writeWorkers": 1,
    "cacheSizeMB": 128,
    "totalReads": 2000,
    "totalWrites": 200
  },
  "results": {
    "readsPerSec": 1004.5389963962033,
    "writesPerSec": 100.45389963962032,
    "opsPerSec": 1104.9928960358236
  }
}