{
  "testName": "optimize-r5_w1_c32mb",
  "timestamp": "2025-12-25T15:38:35.988Z",
  "isBest": false,
  "configuration": {
    "totalWorkers": 6,
    "readWorkers": 5,
    "writeWorkers": 1,
    "cacheSizeMB": 32,
    "totalReads": 2000,
    "totalWrites": 200
  },
  "results": {
    "readsPerSec": 2126.389226563929,
    "writesPerSec": 212.63892265639288,
    "opsPerSec": 2339.0281492203217
  }
}