{
  "testName": "optimize-r7_w2_c48mb",
  "timestamp": "2025-12-25T15:40:14.740Z",
  "isBest": false,
  "configuration": {
    "totalWorkers": 9,
    "readWorkers": 7,
    "writeWorkers": 2,
    "cacheSizeMB": 48,
    "totalReads": 2000,
    "totalWrites": 200
  },
  "results": {
    "readsPerSec": 2028.1842809290977,
    "writesPerSec": 202.61581228062917,
    "opsPerSec": 2230.800093209727
  }
}