{
  "testName": "optimize-r3_w1_c8mb",
  "timestamp": "2025-12-25T15:34:43.016Z",
  "isBest": false,
  "configuration": {
    "totalWorkers": 4,
    "readWorkers": 3,
    "writeWorkers": 1,
    "cacheSizeMB": 8,
    "totalReads": 200000,
    "totalWrites": 20000
  },
  "results": {
    "readsPerSec": 843.5186734079895,
    "writesPerSec": 84.35144558357102,
    "opsPerSec": 927.8701189915605
  }
}