{
  "testName": "optimize-r6_w2_c64mb",
  "timestamp": "2025-12-25T15:42:51.007Z",
  "isBest": false,
  "configuration": {
    "totalWorkers": 8,
    "readWorkers": 6,
    "writeWorkers": 2,
    "cacheSizeMB": 64,
    "totalReads": 2000,
    "totalWrites": 200
  },
  "results": {
    "readsPerSec": 1579.4430113766368,
    "writesPerSec": 157.62904305156056,
    "opsPerSec": 1737.0720544281974
  }
}