{
  "testName": "optimize-r11_w3_c16mb",
  "timestamp": "2025-12-25T15:37:49.764Z",
  "isBest": false,
  "configuration": {
    "totalWorkers": 14,
    "readWorkers": 11,
    "writeWorkers": 3,
    "cacheSizeMB": 16,
    "totalReads": 2000,
    "totalWrites": 200
  },
  "results": {
    "readsPerSec": 1887.9690305180131,
    "writesPerSec": 189.55133623082952,
    "opsPerSec": 2077.5203667488427
  }
}