{
  "testName": "optimize-r18_w5_c16mb",
  "timestamp": "2025-12-25T15:38:11.179Z",
  "isBest": false,
  "configuration": {
    "totalWorkers": 23,
    "readWorkers": 18,
    "writeWorkers": 5,
    "cacheSizeMB": 16,
    "totalReads": 2000,
    "totalWrites": 200
  },
  "results": {
    "readsPerSec": 1561.7815216717752,
    "writesPerSec": 154.93864302299357,
    "opsPerSec": 1716.7201646947688
  }
}