{
  "testName": "optimize-r14_w3_c128mb",
  "timestamp": "2025-12-25T15:44:12.819Z",
  "isBest": false,
  "configuration": {
    "totalWorkers": 17,
    "readWorkers": 14,
    "writeWorkers": 3,
    "cacheSizeMB": 128,
    "totalReads": 2000,
    "totalWrites": 200
  },
  "results": {
    "readsPerSec": 1124.2463997244738,
    "writesPerSec": 112.8738892830266,
    "opsPerSec": 1237.1202890075003
  }
}