{
  "testName": "optimize-r2_w1_c40mb",
  "timestamp": "2025-12-25T15:39:14.805Z",
  "isBest": false,
  "configuration": {
    "totalWorkers": 3,
    "readWorkers": 2,
    "writeWorkers": 1,
    "cacheSizeMB": 40,
    "totalReads": 2000,
    "totalWrites": 200
  },
  "results": {
    "readsPerSec": 842.9909605729384,
    "writesPerSec": 84.29909605729384,
    "opsPerSec": 927.2900566302322
  }
}