{
  "testName": "optimize-r21_w5_c16mb",
  "timestamp": "2025-12-25T15:38:19.999Z",
  "isBest": false,
  "configuration": {
    "totalWorkers": 26,
    "readWorkers": 21,
    "writeWorkers": 5,
    "cacheSizeMB": 16,
    "totalReads": 2000,
    "totalWrites": 200
  },
  "results": {
    "readsPerSec": 1300.531007390929,
    "writesPerSec": 129.02093327290964,
    "opsPerSec": 1429.5519406638386
  }
}