{
  "testName": "optimize-r9_w2_c8mb",
  "timestamp": "2025-12-25T15:36:04.443Z",
  "isBest": false,
  "configuration": {
    "totalWorkers": 11,
    "readWorkers": 9,
    "writeWorkers": 2,
    "cacheSizeMB": 8,
    "totalReads": 2000,
    "totalWrites": 200
  },
  "results": {
    "readsPerSec": 2504.204743180878,
    "writesPerSec": 249.5470596094547,
    "opsPerSec": 2753.7518027903325
  }
}