{
  "testName": "optimize-r17_w4_c48mb",
  "timestamp": "2025-12-25T15:40:43.583Z",
  "isBest": false,
  "configuration": {
    "totalWorkers": 21,
    "readWorkers": 17,
    "writeWorkers": 4,
    "cacheSizeMB": 48,
    "totalReads": 2000,
    "totalWrites": 200
  },
  "results": {
    "readsPerSec": 1458.0766797045142,
    "writesPerSec": 145.37155331051986,
    "opsPerSec": 1603.448233015034
  }
}