{
  "testName": "optimize-r10_w3_c128mb",
  "timestamp": "2025-12-25T15:44:01.787Z",
  "isBest": false,
  "configuration": {
    "totalWorkers": 13,
    "readWorkers": 10,
    "writeWorkers": 3,
    "cacheSizeMB": 128,
    "totalReads": 2000,
    "totalWrites": 200
  },
  "results": {
    "readsPerSec": 1377.4251295491447,
    "writesPerSec": 138.43122551968904,
    "opsPerSec": 1515.8563550688336
  }
}