{
  "testName": "optimize-r7_w2_c16mb",
  "timestamp": "2025-12-25T15:37:39.260Z",
  "isBest": false,
  "configuration": {
    "totalWorkers": 9,
    "readWorkers": 7,
    "writeWorkers": 2,
    "cacheSizeMB": 16,
    "totalReads": 2000,
    "totalWrites": 200
  },
  "results": {
    "readsPerSec": 2358.676056750077,
    "writesPerSec": 235.63197370130644,
    "opsPerSec": 2594.3080304513833
  }
}