{
  "testName": "optimize-r6_w1_c48mb",
  "timestamp": "2025-12-25T15:40:10.522Z",
  "isBest": false,
  "configuration": {
    "totalWorkers": 7,
    "readWorkers": 6,
    "writeWorkers": 1,
    "cacheSizeMB": 48,
    "totalReads": 2000,
    "totalWrites": 200
  },
  "results": {
    "readsPerSec": 2030.97082132194,
    "writesPerSec": 202.69169873472458,
    "opsPerSec": 2233.6625200566646
  }
}