{
  "testName": "optimize-r8_w2_c16mb",
  "timestamp": "2025-12-25T15:37:41.240Z",
  "isBest": false,
  "configuration": {
    "totalWorkers": 10,
    "readWorkers": 8,
    "writeWorkers": 2,
    "cacheSizeMB": 16,
    "totalReads": 2000,
    "totalWrites": 200
  },
  "results": {
    "readsPerSec": 2304.9344837239805,
    "writesPerSec": 230.49344837239803,
    "opsPerSec": 2535.4279320963788
  }
}