{
  "testName": "optimize-r4_w1_c128mb",
  "timestamp": "2025-12-25T15:43:39.314Z",
  "isBest": false,
  "configuration": {
    "totalWorkers": 5,
    "readWorkers": 4,
    "writeWorkers": 1,
    "cacheSizeMB": 128,
    "totalReads": 2000,
    "totalWrites": 200
  },
  "results": {
    "readsPerSec": 1511.590234896395,
    "writesPerSec": 151.1590234896395,
    "opsPerSec": 1662.7492583860346
  }
}