{
  "testName": "optimize-r10_w3_c48mb",
  "timestamp": "2025-12-25T15:40:24.282Z",
  "isBest": false,
  "configuration": {
    "totalWorkers": 13,
    "readWorkers": 10,
    "writeWorkers": 3,
    "cacheSizeMB": 48,
    "totalReads": 2000,
    "totalWrites": 200
  },
  "results": {
    "readsPerSec": 1814.900639516716,
    "writesPerSec": 182.39751427142994,
    "opsPerSec": 1997.298153788146
  }
}