{
  "testName": "optimize-r14_w3_c32mb",
  "timestamp": "2025-12-25T15:38:58.922Z",
  "isBest": false,
  "configuration": {
    "totalWorkers": 17,
    "readWorkers": 14,
    "writeWorkers": 3,
    "cacheSizeMB": 32,
    "totalReads": 2000,
    "totalWrites": 200
  },
  "results": {
    "readsPerSec": 1897.9307391093266,
    "writesPerSec": 190.55148779269462,
    "opsPerSec": 2088.4822269020215
  }
}