{
  "testName": "optimize-r23_w6_c8mb",
  "timestamp": "2025-12-25T15:37:15.694Z",
  "isBest": false,
  "configuration": {
    "totalWorkers": 29,
    "readWorkers": 23,
    "writeWorkers": 6,
    "cacheSizeMB": 8,
    "totalReads": 2000,
    "totalWrites": 200
  },
  "results": {
    "readsPerSec": 1393.7356483319068,
    "writesPerSec": 142.08999113428735,
    "opsPerSec": 1535.8256394661942
  }
}