{
  "testName": "optimize-r9_w2_c56mb",
  "timestamp": "2025-12-25T15:42:03.205Z",
  "isBest": false,
  "configuration": {
    "totalWorkers": 11,
    "readWorkers": 9,
    "writeWorkers": 2,
    "cacheSizeMB": 56,
    "totalReads": 2000,
    "totalWrites": 200
  },
  "results": {
    "readsPerSec": 1919.6659567747795,
    "writesPerSec": 191.29705598154257,
    "opsPerSec": 2110.963012756322
  }
}