{
  "testName": "optimize-r6_w1_c64mb",
  "timestamp": "2025-12-25T15:42:48.640Z",
  "isBest": false,
  "configuration": {
    "totalWorkers": 7,
    "readWorkers": 6,
    "writeWorkers": 1,
    "cacheSizeMB": 64,
    "totalReads": 2000,
    "totalWrites": 200
  },
  "results": {
    "readsPerSec": 1574.9557799924987,
    "writesPerSec": 157.18121556811366,
    "opsPerSec": 1732.1369955606124
  }
}