{
  "testName": "optimize-r10_w2_c128mb",
  "timestamp": "2025-12-25T15:43:59.219Z",
  "isBest": false,
  "configuration": {
    "totalWorkers": 12,
    "readWorkers": 10,
    "writeWorkers": 2,
    "cacheSizeMB": 128,
    "totalReads": 2000,
    "totalWrites": 200
  },
  "results": {
    "readsPerSec": 1856.9197762182093,
    "writesPerSec": 185.69197762182094,
    "opsPerSec": 2042.6117538400304
  }
}