{
  "testName": "optimize-r11_w3_c52mb",
  "timestamp": "2025-12-25T15:41:14.608Z",
  "isBest": false,
  "configuration": {
    "totalWorkers": 14,
    "readWorkers": 11,
    "writeWorkers": 3,
    "cacheSizeMB": 52,
    "totalReads": 2000,
    "totalWrites": 200
  },
  "results": {
    "readsPerSec": 1282.6605277312108,
    "writesPerSec": 128.77860443255415,
    "opsPerSec": 1411.439132163765
  }
}