{
  "testName": "optimize-r14_w3_c52mb",
  "timestamp": "2025-12-25T15:41:24.202Z",
  "isBest": false,
  "configuration": {
    "totalWorkers": 17,
    "readWorkers": 14,
    "writeWorkers": 3,
    "cacheSizeMB": 52,
    "totalReads": 2000,
    "totalWrites": 200
  },
  "results": {
    "readsPerSec": 1375.7862107944009,
    "writesPerSec": 138.12838579903826,
    "opsPerSec": 1513.914596593439
  }
}