{
  "testName": "optimize-r10_w2_c32mb",
  "timestamp": "2025-12-25T15:38:48.335Z",
  "isBest": false,
  "configuration": {
    "totalWorkers": 12,
    "readWorkers": 10,
    "writeWorkers": 2,
    "cacheSizeMB": 32,
    "totalReads": 2000,
    "totalWrites": 200
  },
  "results": {
    "readsPerSec": 1850.6291052176007,
    "writesPerSec": 185.06291052176007,
    "opsPerSec": 2035.6920157393608
  }
}