{
  "testName": "optimize-r18_w5_c8mb",
  "timestamp": "2025-12-25T15:36:55.329Z",
  "isBest": false,
  "configuration": {
    "totalWorkers": 23,
    "readWorkers": 18,
    "writeWorkers": 5,
    "cacheSizeMB": 8,
    "totalReads": 2000,
    "totalWrites": 200
  },
  "results": {
    "readsPerSec": 898.9378246978182,
    "writesPerSec": 89.18033975176769,
    "opsPerSec": 988.118164449586
  }
}