{
  "testName": "optimize-r2_w1_c8mb",
  "timestamp": "2025-12-25T15:35:32.792Z",
  "isBest": false,
  "configuration": {
    "totalWorkers": 2,
    "readWorkers": 2,
    "writeWorkers": 1,
    "cacheSizeMB": 8,
    "totalReads": 2000,
    "totalWrites": 200
  },
  "results": {
    "readsPerSec": 475.6751800992744,
    "writesPerSec": 47.56751800992745,
    "opsPerSec": 523.2426981092019
  }
}