{
  "testName": "optimize-r4_w1_c52mb",
  "timestamp": "2025-12-25T15:40:54.336Z",
  "isBest": false,
  "configuration": {
    "totalWorkers": 5,
    "readWorkers": 4,
    "writeWorkers": 1,
    "cacheSizeMB": 52,
    "totalReads": 2000,
    "totalWrites": 200
  },
  "results": {
    "readsPerSec": 1728.0148440622531,
    "writesPerSec": 172.8014844062253,
    "opsPerSec": 1900.8163284684783
  }
}