{
  "testName": "optimize-r7_w2_c56mb",
  "timestamp": "2025-12-25T15:41:57.640Z",
  "isBest": false,
  "configuration": {
    "totalWorkers": 9,
    "readWorkers": 7,
    "writeWorkers": 2,
    "cacheSizeMB": 56,
    "totalReads": 2000,
    "totalWrites": 200
  },
  "results": {
    "readsPerSec": 1773.7413559468794,
    "writesPerSec": 177.1969386560319,
    "opsPerSec": 1950.9382946029114
  }
}