{
  "testName": "optimize-r14_w4_c16mb",
  "timestamp": "2025-12-25T15:37:59.160Z",
  "isBest": false,
  "configuration": {
    "totalWorkers": 18,
    "readWorkers": 14,
    "writeWorkers": 4,
    "cacheSizeMB": 16,
    "totalReads": 2000,
    "totalWrites": 200
  },
  "results": {
    "readsPerSec": 1818.6567434359463,
    "writesPerSec": 181.6839903532414,
    "opsPerSec": 2000.3407337891877
  }
}