{
  "testName": "optimize-r16_w4_c40mb",
  "timestamp": "2025-12-25T15:39:53.280Z",
  "isBest": false,
  "configuration": {
    "totalWorkers": 20,
    "readWorkers": 16,
    "writeWorkers": 4,
    "cacheSizeMB": 40,
    "totalReads": 2000,
    "totalWrites": 200
  },
  "results": {
    "readsPerSec": 1609.3552878620103,
    "writesPerSec": 160.93552878620105,
    "opsPerSec": 1770.2908166482114
  }
}