{
  "testName": "optimize-r8_w2_c56mb",
  "timestamp": "2025-12-25T15:42:00.982Z",
  "isBest": false,
  "configuration": {
    "totalWorkers": 10,
    "readWorkers": 8,
    "writeWorkers": 2,
    "cacheSizeMB": 56,
    "totalReads": 2000,
    "totalWrites": 200
  },
  "results": {
    "readsPerSec": 1547.1287979580388,
    "writesPerSec": 154.7128797958039,
    "opsPerSec": 1701.8416777538428
  }
}