{
  "testName": "optimize-r17_w4_c64mb",
  "timestamp": "2025-12-25T15:43:26.128Z",
  "isBest": false,
  "configuration": {
    "totalWorkers": 21,
    "readWorkers": 17,
    "writeWorkers": 4,
    "cacheSizeMB": 64,
    "totalReads": 2000,
    "totalWrites": 200
  },
  "results": {
    "readsPerSec": 1158.5571295548846,
    "writesPerSec": 115.50918539929059,
    "opsPerSec": 1274.0663149541751
  }
}