{
  "testName": "optimize-r4_w1_c32mb",
  "timestamp": "2025-12-25T15:38:33.944Z",
  "isBest": false,
  "configuration": {
    "totalWorkers": 5,
    "readWorkers": 4,
    "writeWorkers": 1,
    "cacheSizeMB": 32,
    "totalReads": 2000,
    "totalWrites": 200
  },
  "results": {
    "readsPerSec": 1754.0431417961545,
    "writesPerSec": 175.40431417961543,
    "opsPerSec": 1929.44745597577
  }
}