{
  "testName": "optimize-r8_w2_c52mb",
  "timestamp": "2025-12-25T15:41:05.586Z",
  "isBest": false,
  "configuration": {
    "totalWorkers": 10,
    "readWorkers": 8,
    "writeWorkers": 2,
    "cacheSizeMB": 52,
    "totalReads": 2000,
    "totalWrites": 200
  },
  "results": {
    "readsPerSec": 2073.025787008397,
    "writesPerSec": 207.30257870083972,
    "opsPerSec": 2280.3283657092366
  }
}