{
  "testName": "optimize-r8_w2_c64mb",
  "timestamp": "2025-12-25T15:42:56.040Z",
  "isBest": false,
  "configuration": {
    "totalWorkers": 10,
    "readWorkers": 8,
    "writeWorkers": 2,
    "cacheSizeMB": 64,
    "totalReads": 2000,
    "totalWrites": 200
  },
  "results": {
    "readsPerSec": 1236.1044866984234,
    "writesPerSec": 123.61044866984234,
    "opsPerSec": 1359.7149353682657
  }
}