{
  "testName": "optimize-r14_w4_c32mb",
  "timestamp": "2025-12-25T15:39:01.095Z",
  "isBest": false,
  "configuration": {
    "totalWorkers": 18,
    "readWorkers": 14,
    "writeWorkers": 4,
    "cacheSizeMB": 32,
    "totalReads": 2000,
    "totalWrites": 200
  },
  "results": {
    "readsPerSec": 1809.0425862956035,
    "writesPerSec": 180.72353509446586,
    "opsPerSec": 1989.7661213900694
  }
}