{
  "testName": "optimize-r2_w1_c16mb",
  "timestamp": "2025-12-25T15:37:27.262Z",
  "isBest": false,
  "configuration": {
    "totalWorkers": 3,
    "readWorkers": 2,
    "writeWorkers": 1,
    "cacheSizeMB": 16,
    "totalReads": 2000,
    "totalWrites": 200
  },
  "results": {
    "readsPerSec": 1113.5535968924773,
    "writesPerSec": 111.35535968924773,
    "opsPerSec": 1224.908956581725
  }
}