{
  "testName": "optimize-r11_w3_c56mb",
  "timestamp": "2025-12-25T15:42:11.140Z",
  "isBest": false,
  "configuration": {
    "totalWorkers": 14,
    "readWorkers": 11,
    "writeWorkers": 3,
    "cacheSizeMB": 56,
    "totalReads": 2000,
    "totalWrites": 200
  },
  "results": {
    "readsPerSec": 1717.931843808678,
    "writesPerSec": 172.47967063213997,
    "opsPerSec": 1890.4115144408179
  }
}