{
  "testName": "optimize-r18_w4_c8mb",
  "timestamp": "2025-12-25T15:36:49.247Z",
  "isBest": false,
  "configuration": {
    "totalWorkers": 22,
    "readWorkers": 18,
    "writeWorkers": 4,
    "cacheSizeMB": 8,
    "totalReads": 2000,
    "totalWrites": 200
  },
  "results": {
    "readsPerSec": 1111.7084534346159,
    "writesPerSec": 110.28853704708492,
    "opsPerSec": 1221.9969904817008
  }
}