{
  "testName": "optimize-r3_w1_c64mb",
  "timestamp": "2025-12-25T15:42:40.678Z",
  "isBest": false,
  "configuration": {
    "totalWorkers": 4,
    "readWorkers": 3,
    "writeWorkers": 1,
    "cacheSizeMB": 64,
    "totalReads": 2000,
    "totalWrites": 200
  },
  "results": {
    "readsPerSec": 1288.5057308571584,
    "writesPerSec": 128.786179995718,
    "opsPerSec": 1417.2919108528763
  }
}