{
  "testName": "optimize-r2_w1_c52mb",
  "timestamp": "2025-12-25T15:40:46.354Z",
  "isBest": false,
  "configuration": {
    "totalWorkers": 2,
    "readWorkers": 2,
    "writeWorkers": 1,
    "cacheSizeMB": 52,
    "totalReads": 2000,
    "totalWrites": 200
  },
  "results": {
    "readsPerSec": 1140.0276535025725,
    "writesPerSec": 114.00276535025726,
    "opsPerSec": 1254.0304188528298
  }
}