{
  "testName": "optimize-r5_w1_c16mb",
  "timestamp": "2025-12-25T15:37:33.463Z",
  "isBest": false,
  "configuration": {
    "totalWorkers": 6,
    "readWorkers": 5,
    "writeWorkers": 1,
    "cacheSizeMB": 16,
    "totalReads": 2000,
    "totalWrites": 200
  },
  "results": {
    "readsPerSec": 2341.040584791099,
    "writesPerSec": 234.10405847910988,
    "opsPerSec": 2575.1446432702087
  }
}