{
  "testName": "optimize-r15_w4_c8mb",
  "timestamp": "2025-12-25T15:36:31.936Z",
  "isBest": false,
  "configuration": {
    "totalWorkers": 19,
    "readWorkers": 15,
    "writeWorkers": 4,
    "cacheSizeMB": 8,
    "totalReads": 2000,
    "totalWrites": 200
  },
  "results": {
    "readsPerSec": 1114.0443541772656,
    "writesPerSec": 110.85018449525032,
    "opsPerSec": 1224.8945386725159
  }
}