{
  "testName": "optimize-r17_w4_c16mb",
  "timestamp": "2025-12-25T15:38:06.165Z",
  "isBest": false,
  "configuration": {
    "totalWorkers": 21,
    "readWorkers": 17,
    "writeWorkers": 4,
    "cacheSizeMB": 16,
    "totalReads": 2000,
    "totalWrites": 200
  },
  "results": {
    "readsPerSec": 1610.5878587796574,
    "writesPerSec": 160.57705471382425,
    "opsPerSec": 1771.1649134934817
  }
}