{
  "testName": "optimize-r10_w2_c56mb",
  "timestamp": "2025-12-25T15:42:05.535Z",
  "isBest": false,
  "configuration": {
    "totalWorkers": 12,
    "readWorkers": 10,
    "writeWorkers": 2,
    "cacheSizeMB": 56,
    "totalReads": 2000,
    "totalWrites": 200
  },
  "results": {
    "readsPerSec": 1688.2564631405842,
    "writesPerSec": 168.82564631405842,
    "opsPerSec": 1857.0821094546427
  }
}