{
  "testName": "optimize-r15_w4_c128mb",
  "timestamp": "2025-12-25T15:44:19.297Z",
  "isBest": false,
  "configuration": {
    "totalWorkers": 19,
    "readWorkers": 15,
    "writeWorkers": 4,
    "cacheSizeMB": 128,
    "totalReads": 2000,
    "totalWrites": 200
  },
  "results": {
    "readsPerSec": 1244.2073720574847,
    "writesPerSec": 123.8017285629338,
    "opsPerSec": 1368.0091006204184
  }
}