{
  "testName": "optimize-r16_w4_c32mb",
  "timestamp": "2025-12-25T15:39:05.610Z",
  "isBest": false,
  "configuration": {
    "totalWorkers": 20,
    "readWorkers": 16,
    "writeWorkers": 4,
    "cacheSizeMB": 32,
    "totalReads": 2000,
    "totalWrites": 200
  },
  "results": {
    "readsPerSec": 1641.8478649648619,
    "writesPerSec": 164.1847864964862,
    "opsPerSec": 1806.032651461348
  }
}