{
  "testName": "optimize-r6_w1_c56mb",
  "timestamp": "2025-12-25T15:41:52.884Z",
  "isBest": false,
  "configuration": {
    "totalWorkers": 7,
    "readWorkers": 6,
    "writeWorkers": 1,
    "cacheSizeMB": 56,
    "totalReads": 2000,
    "totalWrites": 200
  },
  "results": {
    "readsPerSec": 1893.8714866817925,
    "writesPerSec": 189.00913040736452,
    "opsPerSec": 2082.880617089157
  }
}