{
  "testName": "optimize-r15_w4_c16mb",
  "timestamp": "2025-12-25T15:38:01.433Z",
  "isBest": false,
  "configuration": {
    "totalWorkers": 19,
    "readWorkers": 15,
    "writeWorkers": 4,
    "cacheSizeMB": 16,
    "totalReads": 2000,
    "totalWrites": 200
  },
  "results": {
    "readsPerSec": 1763.8559623953151,
    "writesPerSec": 175.50805595973284,
    "opsPerSec": 1939.364018355048
  }
}