{
  "testName": "optimize-r3_w1_c16mb",
  "timestamp": "2025-12-25T15:37:29.474Z",
  "isBest": false,
  "configuration": {
    "totalWorkers": 4,
    "readWorkers": 3,
    "writeWorkers": 1,
    "cacheSizeMB": 16,
    "totalReads": 2000,
    "totalWrites": 200
  },
  "results": {
    "readsPerSec": 1821.356743110478,
    "writesPerSec": 182.04465198505528,
    "opsPerSec": 2003.4013950955332
  }
}