{
  "testName": "optimize-r3_w1_c48mb",
  "timestamp": "2025-12-25T15:40:04.034Z",
  "isBest": false,
  "configuration": {
    "totalWorkers": 4,
    "readWorkers": 3,
    "writeWorkers": 1,
    "cacheSizeMB": 48,
    "totalReads": 2000,
    "totalWrites": 200
  },
  "results": {
    "readsPerSec": 1597.5757980854835,
    "writesPerSec": 159.6777409380793,
    "opsPerSec": 1757.2535390235628
  }
}