{
  "testName": "optimize-r5_w1_c56mb",
  "timestamp": "2025-12-25T15:41:50.698Z",
  "isBest": false,
  "configuration": {
    "totalWorkers": 6,
    "readWorkers": 5,
    "writeWorkers": 1,
    "cacheSizeMB": 56,
    "totalReads": 2000,
    "totalWrites": 200
  },
  "results": {
    "readsPerSec": 1647.7306766018457,
    "writesPerSec": 164.7730676601846,
    "opsPerSec": 1812.5037442620303
  }
}