{
  "testName": "optimize-r6_w1_c52mb",
  "timestamp": "2025-12-25T15:40:59.297Z",
  "isBest": false,
  "configuration": {
    "totalWorkers": 7,
    "readWorkers": 6,
    "writeWorkers": 1,
    "cacheSizeMB": 52,
    "totalReads": 2000,
    "totalWrites": 200
  },
  "results": {
    "readsPerSec": 1891.0371057829068,
    "writesPerSec": 188.72625806216632,
    "opsPerSec": 2079.763363845073
  }
}