{
  "testName": "optimize-r3_w1_c8mb",
  "timestamp": "2025-12-25T15:35:46.440Z",
  "isBest": false,
  "configuration": {
    "totalWorkers": 4,
    "readWorkers": 3,
    "writeWorkers": 1,
    "cacheSizeMB": 8,
    "totalReads": 2000,
    "totalWrites": 200
  },
  "results": {
    "readsPerSec": 830.8271804428663,
    "writesPerSec": 83.04119744556385,
    "opsPerSec": 913.8683778884301
  }
}