{
  "testName": "optimize-r19_w5_c8mb",
  "timestamp": "2025-12-25T15:37:00.680Z",
  "isBest": false,
  "configuration": {
    "totalWorkers": 24,
    "readWorkers": 19,
    "writeWorkers": 5,
    "cacheSizeMB": 8,
    "totalReads": 2000,
    "totalWrites": 200
  },
  "results": {
    "readsPerSec": 1338.5537541198573,
    "writesPerSec": 132.92490110425595,
    "opsPerSec": 1471.4786552241133
  }
}