{
  "testName": "optimize-r4_w1_c56mb",
  "timestamp": "2025-12-25T15:41:48.250Z",
  "isBest": false,
  "configuration": {
    "totalWorkers": 5,
    "readWorkers": 4,
    "writeWorkers": 1,
    "cacheSizeMB": 56,
    "totalReads": 2000,
    "totalWrites": 200
  },
  "results": {
    "readsPerSec": 1089.8234058599287,
    "writesPerSec": 108.98234058599286,
    "opsPerSec": 1198.8057464459216
  }
}