{
  "testName": "optimize-r10_w3_c64mb",
  "timestamp": "2025-12-25T15:43:03.107Z",
  "isBest": false,
  "configuration": {
    "totalWorkers": 13,
    "readWorkers": 10,
    "writeWorkers": 3,
    "cacheSizeMB": 64,
    "totalReads": 2000,
    "totalWrites": 200
  },
  "results": {
    "readsPerSec": 1719.7649512628027,
    "writesPerSec": 172.83637760191166,
    "opsPerSec": 1892.6013288647143
  }
}