{
  "testName": "optimize-r14_w3_c40mb",
  "timestamp": "2025-12-25T15:39:46.363Z",
  "isBest": false,
  "configuration": {
    "totalWorkers": 17,
    "readWorkers": 14,
    "writeWorkers": 3,
    "cacheSizeMB": 40,
    "totalReads": 2000,
    "totalWrites": 200
  },
  "results": {
    "readsPerSec": 1743.4934015001804,
    "writesPerSec": 175.04604080995816,
    "opsPerSec": 1918.5394423101386
  }
}