{
  "testName": "optimize-r2_w1_c16mb",
  "timestamp": "2025-12-25T15:37:24.280Z",
  "isBest": false,
  "configuration": {
    "totalWorkers": 2,
    "readWorkers": 2,
    "writeWorkers": 1,
    "cacheSizeMB": 16,
    "totalReads": 2000,
    "totalWrites": 200
  },
  "results": {
    "readsPerSec": 1117.088536437112,
    "writesPerSec": 111.70885364371118,
    "opsPerSec": 1228.797390080823
  }
}