{
  "testName": "optimize-r15_w4_c32mb",
  "timestamp": "2025-12-25T15:39:03.285Z",
  "isBest": false,
  "configuration": {
    "totalWorkers": 19,
    "readWorkers": 15,
    "writeWorkers": 4,
    "cacheSizeMB": 32,
    "totalReads": 2000,
    "totalWrites": 200
  },
  "results": {
    "readsPerSec": 1838.924975072303,
    "writesPerSec": 182.97760945993065,
    "opsPerSec": 2021.9025845322335
  }
}