{
  "testName": "optimize-r2_w1_c48mb",
  "timestamp": "2025-12-25T15:40:01.589Z",
  "isBest": false,
  "configuration": {
    "totalWorkers": 3,
    "readWorkers": 2,
    "writeWorkers": 1,
    "cacheSizeMB": 48,
    "totalReads": 2000,
    "totalWrites": 200
  },
  "results": {
    "readsPerSec": 987.0765015144739,
    "writesPerSec": 98.7076501514474,
    "opsPerSec": 1085.7841516659212
  }
}