{
  "testName": "optimize-r10_w2_c64mb",
  "timestamp": "2025-12-25T15:43:00.842Z",
  "isBest": false,
  "configuration": {
    "totalWorkers": 12,
    "readWorkers": 10,
    "writeWorkers": 2,
    "cacheSizeMB": 64,
    "totalReads": 2000,
    "totalWrites": 200
  },
  "results": {
    "readsPerSec": 1601.7613262267723,
    "writesPerSec": 160.17613262267722,
    "opsPerSec": 1761.9374588494495
  }
}