{
  "testName": "optimize-r19_w5_c16mb",
  "timestamp": "2025-12-25T15:38:13.704Z",
  "isBest": false,
  "configuration": {
    "totalWorkers": 24,
    "readWorkers": 19,
    "writeWorkers": 5,
    "cacheSizeMB": 16,
    "totalReads": 2000,
    "totalWrites": 200
  },
  "results": {
    "readsPerSec": 1486.0832092757673,
    "writesPerSec": 147.57529387048334,
    "opsPerSec": 1633.6585031462507
  }
}