{
  "testName": "optimize-r11_w3_c8mb",
  "timestamp": "2025-12-25T15:36:10.354Z",
  "isBest": false,
  "configuration": {
    "totalWorkers": 14,
    "readWorkers": 11,
    "writeWorkers": 3,
    "cacheSizeMB": 8,
    "totalReads": 2000,
    "totalWrites": 200
  },
  "results": {
    "readsPerSec": 2218.678173826604,
    "writesPerSec": 222.7544020675062,
    "opsPerSec": 2441.4325758941104
  }
}