{
  "testName": "optimize-r3_w1_c128mb",
  "timestamp": "2025-12-25T15:43:36.869Z",
  "isBest": false,
  "configuration": {
    "totalWorkers": 4,
    "readWorkers": 3,
    "writeWorkers": 1,
    "cacheSizeMB": 128,
    "totalReads": 2000,
    "totalWrites": 200
  },
  "results": {
    "readsPerSec": 1364.1937419253513,
    "writesPerSec": 136.3511985932385,
    "opsPerSec": 1500.5449405185898
  }
}