{
  "testName": "optimize-r8_w2_c32mb",
  "timestamp": "2025-12-25T15:38:44.050Z",
  "isBest": false,
  "configuration": {
    "totalWorkers": 10,
    "readWorkers": 8,
    "writeWorkers": 2,
    "cacheSizeMB": 32,
    "totalReads": 2000,
    "totalWrites": 200
  },
  "results": {
    "readsPerSec": 2184.1076794440028,
    "writesPerSec": 218.4107679444003,
    "opsPerSec": 2402.5184473884033
  }
}