{
  "testName": "optimize-r17_w4_c128mb",
  "timestamp": "2025-12-25T15:44:24.783Z",
  "isBest": false,
  "configuration": {
    "totalWorkers": 21,
    "readWorkers": 17,
    "writeWorkers": 4,
    "cacheSizeMB": 128,
    "totalReads": 2000,
    "totalWrites": 200
  },
  "results": {
    "readsPerSec": 1334.9029476213354,
    "writesPerSec": 133.09102169704244,
    "opsPerSec": 1467.9939693183778
  }
}