{
  "testName": "optimize-r6_w2_c128mb",
  "timestamp": "2025-12-25T15:43:47.687Z",
  "isBest": false,
  "configuration": {
    "totalWorkers": 8,
    "readWorkers": 6,
    "writeWorkers": 2,
    "cacheSizeMB": 128,
    "totalReads": 2000,
    "totalWrites": 200
  },
  "results": {
    "readsPerSec": 1131.7033917631559,
    "writesPerSec": 112.94445027576405,
    "opsPerSec": 1244.6478420389199
  }
}