{
  "testName": "optimize-r10_w2_c40mb",
  "timestamp": "2025-12-25T15:39:35.106Z",
  "isBest": false,
  "configuration": {
    "totalWorkers": 12,
    "readWorkers": 10,
    "writeWorkers": 2,
    "cacheSizeMB": 40,
    "totalReads": 2000,
    "totalWrites": 200
  },
  "results": {
    "readsPerSec": 1961.1559143171944,
    "writesPerSec": 196.11559143171945,
    "opsPerSec": 2157.271505748914
  }
}