{
  "testName": "optimize-r2_w1_c32mb",
  "timestamp": "2025-12-25T15:38:25.852Z",
  "isBest": false,
  "configuration": {
    "totalWorkers": 2,
    "readWorkers": 2,
    "writeWorkers": 1,
    "cacheSizeMB": 32,
    "totalReads": 2000,
    "totalWrites": 200
  },
  "results": {
    "readsPerSec": 1062.050635490111,
    "writesPerSec": 106.20506354901111,
    "opsPerSec": 1168.2556990391222
  }
}