{
  "testName": "optimize-r6_w1_c8mb",
  "timestamp": "2025-12-25T15:35:56.503Z",
  "isBest": false,
  "configuration": {
    "totalWorkers": 7,
    "readWorkers": 6,
    "writeWorkers": 1,
    "cacheSizeMB": 8,
    "totalReads": 2000,
    "totalWrites": 200
  },
  "results": {
    "readsPerSec": 2204.4691976267627,
    "writesPerSec": 220.0069059507747,
    "opsPerSec": 2424.4761035775373
  }
}