{
  "testName": "optimize-r13_w3_c56mb",
  "timestamp": "2025-12-25T15:42:15.773Z",
  "isBest": false,
  "configuration": {
    "totalWorkers": 16,
    "readWorkers": 13,
    "writeWorkers": 3,
    "cacheSizeMB": 56,
    "totalReads": 2000,
    "totalWrites": 200
  },
  "results": {
    "readsPerSec": 1688.4614043467238,
    "writesPerSec": 169.52085028655918,
    "opsPerSec": 1857.982254633283
  }
}