{
  "testName": "optimize-r15_w4_c52mb",
  "timestamp": "2025-12-25T15:41:29.388Z",
  "isBest": false,
  "configuration": {
    "totalWorkers": 19,
    "readWorkers": 15,
    "writeWorkers": 4,
    "cacheSizeMB": 52,
    "totalReads": 2000,
    "totalWrites": 200
  },
  "results": {
    "readsPerSec": 1493.8726638771545,
    "writesPerSec": 148.6440461569308,
    "opsPerSec": 1642.5167100340855
  }
}