{
  "testName": "optimize-r6_w2_c52mb",
  "timestamp": "2025-12-25T15:41:01.507Z",
  "isBest": false,
  "configuration": {
    "totalWorkers": 8,
    "readWorkers": 6,
    "writeWorkers": 2,
    "cacheSizeMB": 52,
    "totalReads": 2000,
    "totalWrites": 200
  },
  "results": {
    "readsPerSec": 1805.0606225646306,
    "writesPerSec": 180.145770715033,
    "opsPerSec": 1985.2063932796636
  }
}