{
  "testName": "optimize-r16_w4_c16mb",
  "timestamp": "2025-12-25T15:38:03.760Z",
  "isBest": false,
  "configuration": {
    "totalWorkers": 20,
    "readWorkers": 16,
    "writeWorkers": 4,
    "cacheSizeMB": 16,
    "totalReads": 2000,
    "totalWrites": 200
  },
  "results": {
    "readsPerSec": 1670.136327566644,
    "writesPerSec": 167.0136327566644,
    "opsPerSec": 1837.1499603233085
  }
}