{
  "testName": "optimize-r4_w1_c48mb",
  "timestamp": "2025-12-25T15:40:06.354Z",
  "isBest": false,
  "configuration": {
    "totalWorkers": 5,
    "readWorkers": 4,
    "writeWorkers": 1,
    "cacheSizeMB": 48,
    "totalReads": 2000,
    "totalWrites": 200
  },
  "results": {
    "readsPerSec": 1631.1488929452764,
    "writesPerSec": 163.11488929452764,
    "opsPerSec": 1794.2637822398042
  }
}