{
  "testName": "optimize-r13_w3_c52mb",
  "timestamp": "2025-12-25T15:41:21.511Z",
  "isBest": false,
  "configuration": {
    "totalWorkers": 16,
    "readWorkers": 13,
    "writeWorkers": 3,
    "cacheSizeMB": 52,
    "totalReads": 2000,
    "totalWrites": 200
  },
  "results": {
    "readsPerSec": 1377.956743110331,
    "writesPerSec": 138.34630637621203,
    "opsPerSec": 1516.303049486543
  }
}