{
  "testName": "optimize-r17_w4_c32mb",
  "timestamp": "2025-12-25T15:39:08.292Z",
  "isBest": false,
  "configuration": {
    "totalWorkers": 21,
    "readWorkers": 17,
    "writeWorkers": 4,
    "cacheSizeMB": 32,
    "totalReads": 2000,
    "totalWrites": 200
  },
  "results": {
    "readsPerSec": 1423.495341704799,
    "writesPerSec": 141.9237628818344,
    "opsPerSec": 1565.4191045866335
  }
}