{
  "testName": "mixedReadWrite-r11_w2_R200k_W20k_c48mb",
  "timestamp": "2025-12-25T12:43:07.157Z",
  "configuration": {
    "id": "r11_w2_R200k_W20k_c48mb",
    "readWorkers": 11,
    "writeWorkers": 2,
    "readsPerWorker": 18182,
    "writesPerWorker": 10000,
    "totalReads": 200002,
    "totalWrites": 20000,
    "totalOperations": 220002,
    "readWriteRatio": 10.0001,
    "cacheSize": 48000
  },
  "duration": 22163.87279,
  "reads": {
    "total": 200002,
    "successful": 200002,
    "errors": 0,
    "busyErrors": 0,
    "successRate": 100,
    "avgTime": 0.5860930239047609,
    "minTime": 0.04649399999925663,
    "maxTime": 22.252300000000105,
    "p50": 0.4746110000014596,
    "p95": 1.0980369999997492,
    "p99": 1.4778610000012122,
    "readsPerSec": 9023.783970202077,
    "byQueryType": {
      "posts_for_user": {
        "count": 49914,
        "avgTime": 0.13581713240773668,
        "p95": 0.19721800000115763,
        "p99": 0.26456900000084715,
        "avgRowCount": 0.3297471651240133
      },
      "posts_in_timeframe": {
        "count": 50031,
        "avgTime": 0.9443548437368864,
        "p95": 1.1601710000013554,
        "p99": 1.4999760000000606,
        "avgRowCount": 100
      },
      "single_post_with_details": {
        "count": 50055,
        "avgTime": 0.14194323859754027,
        "p95": 0.2061390000017127,
        "p99": 0.2843159999993077,
        "avgRowCount": 1.3899310758166017
      },
      "users_in_timeframe": {
        "count": 50002,
        "avgTime": 1.121727423403092,
        "p95": 1.2364379999999073,
        "p99": 9.212384000000384,
        "avgRowCount": 257.0862965481381
      }
    }
  },
  "writes": {
    "total": 20000,
    "successful": 20000,
    "errors": 0,
    "lockErrors": 0,
    "successRate": 100,
    "avgTime": 0.6002061921500055,
    "minTime": 0.08242799999970885,
    "maxTime": 109.26241300000038,
    "p50": 0.22483100000044942,
    "p95": 1.6137030000008963,
    "p99": 4.164871999999377,
    "writesPerSec": 902.3693733264745
  },
  "combined": {
    "totalOps": 220002,
    "opsPerSec": 9926.153343528551
  }
}