{
  "testName": "mixedReadWrite-r14_w4_R300k_W30k_c48mb",
  "timestamp": "2025-12-25T12:48:13.502Z",
  "configuration": {
    "id": "r14_w4_R300k_W30k_c48mb",
    "readWorkers": 14,
    "writeWorkers": 4,
    "readsPerWorker": 21429,
    "writesPerWorker": 7500,
    "totalReads": 300006,
    "totalWrites": 30000,
    "totalOperations": 330006,
    "readWriteRatio": 10.0002,
    "cacheSize": 48000
  },
  "duration": 31942.898822,
  "reads": {
    "total": 300006,
    "successful": 300006,
    "errors": 0,
    "busyErrors": 0,
    "successRate": 100,
    "avgTime": 0.6509926063378798,
    "minTime": 0.04840199999853212,
    "maxTime": 49.3009209999982,
    "p50": 0.5404889999999796,
    "p95": 1.214270000000397,
    "p99": 1.7215370000012626,
    "readsPerSec": 9391.946600456224,
    "byQueryType": {
      "posts_for_user": {
        "count": 75065,
        "avgTime": 0.15601469358556272,
        "p95": 0.24305100000128732,
        "p99": 0.4739869999993971,
        "avgRowCount": 0.35515886231932325
      },
      "posts_in_timeframe": {
        "count": 74992,
        "avgTime": 1.0131452400656074,
        "p95": 1.3081339999989723,
        "p99": 1.743345999999292,
        "avgRowCount": 100
      },
      "single_post_with_details": {
        "count": 75063,
        "avgTime": 0.1576553993312243,
        "p95": 0.24709100000109174,
        "p99": 0.44664100000045437,
        "avgRowCount": 1.4862315654849927
      },
      "users_in_timeframe": {
        "count": 74886,
        "avgTime": 1.2789916646636086,
        "p95": 1.4076249999998254,
        "p99": 15.504364999997051,
        "avgRowCount": 286.13475148892985
      }
    }
  },
  "writes": {
    "total": 30000,
    "successful": 30000,
    "errors": 0,
    "lockErrors": 0,
    "successRate": 100,
    "avgTime": 1.3784017366000036,
    "minTime": 0.06174399999963498,
    "maxTime": 187.15747199999896,
    "p50": 0.47415800000089803,
    "p95": 4.196641999999883,
    "p99": 19.64642300000014,
    "writesPerSec": 939.1758765280917
  },
  "combined": {
    "totalOps": 330006,
    "opsPerSec": 10331.122476984316
  }
}