{
  "testName": "mixedReadWrite-r10_w2_R200k_W20k_c20mb",
  "timestamp": "2025-12-24T20:20:38.015Z",
  "configuration": {
    "id": "r10_w2_R200k_W20k_c20mb",
    "readWorkers": 10,
    "writeWorkers": 2,
    "readsPerWorker": 20000,
    "writesPerWorker": 10000,
    "totalReads": 200000,
    "totalWrites": 20000,
    "totalOperations": 220000,
    "readWriteRatio": 10,
    "cacheSize": 20000
  },
  "duration": 23537.572490000002,
  "reads": {
    "total": 200000,
    "successful": 200000,
    "errors": 0,
    "busyErrors": 0,
    "successRate": 100,
    "avgTime": 0.574404734780001,
    "minTime": 0.044422999999369495,
    "maxTime": 39.44968300000028,
    "p50": 0.37891499999977896,
    "p95": 1.07943399999931,
    "p99": 1.5859470000004876,
    "readsPerSec": 8497.052960111774,
    "byQueryType": {
      "posts_for_user": {
        "count": 50115,
        "avgTime": 0.12846574758056545,
        "p95": 0.1835819999978412,
        "p99": 0.2397370000007868,
        "avgRowCount": 0.32445375636037116
      },
      "posts_in_timeframe": {
        "count": 50193,
        "avgTime": 0.8764665593608755,
        "p95": 1.0861939999999777,
        "p99": 1.4259790000005523,
        "avgRowCount": 100
      },
      "single_post_with_details": {
        "count": 49869,
        "avgTime": 0.13604231849445092,
        "p95": 0.19247299999915413,
        "p99": 0.2564650000003894,
        "avgRowCount": 1.4056828891696245
      },
      "users_in_timeframe": {
        "count": 49823,
        "avgTime": 1.1574193770146541,
        "p95": 1.25057599999991,
        "p99": 10.739024999998946,
        "avgRowCount": 293.67025269453865
      }
    }
  },
  "writes": {
    "total": 20000,
    "successful": 20000,
    "errors": 0,
    "lockErrors": 0,
    "successRate": 100,
    "avgTime": 0.5634792866500018,
    "minTime": 0.08229000000028464,
    "maxTime": 58.43028400000003,
    "p50": 0.20263400000021647,
    "p95": 1.5862809999998717,
    "p99": 4.292425999999978,
    "writesPerSec": 849.7052960111776
  },
  "combined": {
    "totalOps": 220000,
    "opsPerSec": 9346.758256122952
  }
}