{
  "testName": "mixedReadWrite-r20_w4_R2m_W200k_c100mb",
  "timestamp": "2025-12-25T07:26:12.084Z",
  "configuration": {
    "id": "r20_w4_R2m_W200k_c100mb",
    "readWorkers": 20,
    "writeWorkers": 4,
    "readsPerWorker": 100000,
    "writesPerWorker": 50000,
    "totalReads": 2000000,
    "totalWrites": 200000,
    "totalOperations": 2200000,
    "readWriteRatio": 10,
    "cacheSize": 100000
  },
  "duration": 910238.56589,
  "reads": {
    "total": 2000000,
    "successful": 2000000,
    "errors": 0,
    "busyErrors": 0,
    "successRate": 100,
    "avgTime": 1.1016032600897627,
    "minTime": 0.05331999999907566,
    "maxTime": 564.6181619999697,
    "p50": 0.6848560000071302,
    "p95": 1.4683080000104383,
    "p99": 4.422717000008561,
    "readsPerSec": 2197.226172288656,
    "byQueryType": {
      "posts_for_user": {
        "count": 500473,
        "avgTime": 0.26060161722203934,
        "p95": 0.38519500009715557,
        "p99": 1.0672660000273027,
        "avgRowCount": 0.8131287801739554
      },
      "posts_in_timeframe": {
        "count": 499841,
        "avgTime": 1.2319669765524852,
        "p95": 1.7816430000821128,
        "p99": 5.494838999999047,
        "avgRowCount": 100
      },
      "single_post_with_details": {
        "count": 500789,
        "avgTime": 0.2607085602239494,
        "p95": 0.4089300000014191,
        "p99": 1.0066650000517257,
        "avgRowCount": 4.894752081215842
      },
      "users_in_timeframe": {
        "count": 498897,
        "avgTime": 2.6587348937977895,
        "p95": 2.082771999994293,
        "p99": 21.777264000003925,
        "avgRowCount": 503.9968751064849
      }
    }
  },
  "writes": {
    "total": 200000,
    "successful": 200000,
    "errors": 0,
    "lockErrors": 0,
    "successRate": 100,
    "avgTime": 1.7953210748400632,
    "minTime": 0.07599299994762987,
    "maxTime": 249.91468100000202,
    "p50": 1.213830999971833,
    "p95": 5.200554000097327,
    "p99": 11.496578000020236,
    "writesPerSec": 219.72261722886557
  },
  "combined": {
    "totalOps": 2200000,
    "opsPerSec": 2416.948789517521
  }
}