{
  "testName": "mixedReadWrite-r10_w2_R200k_W20k_c20mb",
  "timestamp": "2025-12-25T12:30:49.220Z",
  "configuration": {
    "id": "r10_w2_R200k_W20k_c20mb",
    "readWorkers": 10,
    "writeWorkers": 2,
    "readsPerWorker": 20000,
    "writesPerWorker": 10000,
    "totalReads": 200000,
    "totalWrites": 20000,
    "totalOperations": 220000,
    "readWriteRatio": 10,
    "cacheSize": 20000
  },
  "duration": 26205.873939999998,
  "reads": {
    "total": 200000,
    "successful": 200000,
    "errors": 0,
    "busyErrors": 0,
    "successRate": 100,
    "avgTime": 0.5862970258799962,
    "minTime": 0.04875499999980093,
    "maxTime": 57.22629400000005,
    "p50": 0.5228439999991679,
    "p95": 1.0834259999974165,
    "p99": 1.505484000001161,
    "readsPerSec": 7631.876748621802,
    "byQueryType": {
      "posts_for_user": {
        "count": 49901,
        "avgTime": 0.13933242967074772,
        "p95": 0.2008720000012545,
        "p99": 0.2984039999973902,
        "avgRowCount": 0.319933468267169
      },
      "posts_in_timeframe": {
        "count": 50098,
        "avgTime": 0.9546362359575151,
        "p95": 1.1701499999981024,
        "p99": 1.5708830000003218,
        "avgRowCount": 100
      },
      "single_post_with_details": {
        "count": 49734,
        "avgTime": 0.14659066409296742,
        "p95": 0.21278999999958614,
        "p99": 0.31181400000014037,
        "avgRowCount": 1.403587083283066
      },
      "users_in_timeframe": {
        "count": 50267,
        "avgTime": 1.097950372331745,
        "p95": 1.2076519999973243,
        "p99": 9.472780000000057,
        "avgRowCount": 247.39286211629897
      }
    }
  },
  "writes": {
    "total": 20000,
    "successful": 20000,
    "errors": 0,
    "lockErrors": 0,
    "successRate": 100,
    "avgTime": 0.5525944789500059,
    "minTime": 0.06146000000080676,
    "maxTime": 108.3297279999988,
    "p50": 0.2072350000003098,
    "p95": 1.5786459999999352,
    "p99": 4.168026999999711,
    "writesPerSec": 763.1876748621802
  },
  "combined": {
    "totalOps": 220000,
    "opsPerSec": 8395.064423483982
  }
}