{
  "testName": "mixedReadWrite-r10_w2_R2m_W200k_c20mb",
  "timestamp": "2025-12-24T20:29:11.538Z",
  "configuration": {
    "id": "r10_w2_R2m_W200k_c20mb",
    "readWorkers": 80,
    "writeWorkers": 20,
    "readsPerWorker": 25000,
    "writesPerWorker": 10000,
    "totalReads": 2000000,
    "totalWrites": 200000,
    "totalOperations": 2200000,
    "readWriteRatio": 10,
    "cacheSize": 20000
  },
  "duration": 406416.43002,
  "reads": {
    "total": 2000000,
    "successful": 2000000,
    "errors": 0,
    "busyErrors": 0,
    "successRate": 100,
    "avgTime": 2.974199252644758,
    "minTime": 0.05264800000441028,
    "maxTime": 1177.3614479999524,
    "p50": 0.9537549999949988,
    "p95": 3.124978999985615,
    "p99": 17.23865100002149,
    "readsPerSec": 4921.060892891507,
    "byQueryType": {
      "posts_for_user": {
        "count": 500172,
        "avgTime": 0.4372636116575751,
        "p95": 0.9407590000191703,
        "p99": 4.840649000019766,
        "avgRowCount": 0.8019201394720217
      },
      "posts_in_timeframe": {
        "count": 499717,
        "avgTime": 1.761089676701086,
        "p95": 4.230219999997644,
        "p99": 12.186177000010503,
        "avgRowCount": 100
      },
      "single_post_with_details": {
        "count": 500833,
        "avgTime": 0.4168487786547774,
        "p95": 0.836514000002353,
        "p99": 4.382856999989599,
        "avgRowCount": 4.848710049058269
      },
      "users_in_timeframe": {
        "count": 499278,
        "avgTime": 9.295169055690542,
        "p95": 6.7878619999974035,
        "p99": 335.5335789999808,
        "avgRowCount": 1023.9472858808119
      }
    }
  },
  "writes": {
    "total": 200000,
    "successful": 200000,
    "errors": 0,
    "lockErrors": 0,
    "successRate": 100,
    "avgTime": 7.371738427975002,
    "minTime": 0.06668400000125985,
    "maxTime": 865.5200820000027,
    "p50": 1.574378000019351,
    "p95": 36.19280099999742,
    "p99": 86.39627999998629,
    "writesPerSec": 492.10608928915065
  },
  "combined": {
    "totalOps": 2200000,
    "opsPerSec": 5413.166982180658
  }
}