{
  "testName": "mixedReadWrite-r1_w1_R20k_W1k_c16mb",
  "timestamp": "2025-12-24T20:16:17.887Z",
  "configuration": {
    "id": "r1_w1_R20k_W1k_c16mb",
    "readWorkers": 1,
    "writeWorkers": 1,
    "readsPerWorker": 20000,
    "writesPerWorker": 1000,
    "totalReads": 20000,
    "totalWrites": 1000,
    "totalOperations": 21000,
    "readWriteRatio": 20,
    "cacheSize": -16000
  },
  "duration": 29045.397634,
  "reads": {
    "total": 20000,
    "successful": 20000,
    "errors": 0,
    "busyErrors": 0,
    "successRate": 100,
    "avgTime": 0.3027295967000019,
    "minTime": 0.0472210000002633,
    "maxTime": 11.243352999998024,
    "p50": 0.39068200000019715,
    "p95": 0.6160500000005413,
    "p99": 0.8974589999997988,
    "readsPerSec": 688.5772490368103,
    "byQueryType": {
      "posts_for_user": {
        "count": 4939,
        "avgTime": 0.09034496659244562,
        "p95": 0.12984899999992194,
        "p99": 0.19615999999950873,
        "avgRowCount": 0.2739420935412027
      },
      "posts_in_timeframe": {
        "count": 5045,
        "avgTime": 0.5084058681863076,
        "p95": 0.712242999998125,
        "p99": 1.0883229999999458,
        "avgRowCount": 100
      },
      "single_post_with_details": {
        "count": 4970,
        "avgTime": 0.09219706760562262,
        "p95": 0.1308590000003278,
        "p99": 0.20129300000007788,
        "avgRowCount": 1.256539235412475
      },
      "users_in_timeframe": {
        "count": 5046,
        "avgTime": 0.5123367247324767,
        "p95": 0.7758510000021488,
        "p99": 1.039161000000604,
        "avgRowCount": 189.375941339675
      }
    }
  },
  "writes": {
    "total": 1000,
    "successful": 1000,
    "errors": 0,
    "lockErrors": 0,
    "successRate": 100,
    "avgTime": 0.22331442300000184,
    "minTime": 0.06468700000004901,
    "maxTime": 0.598173000000088,
    "p50": 0.25204699999994773,
    "p95": 0.40929099999993923,
    "p99": 0.48763899999994464,
    "writesPerSec": 34.428862451840516
  },
  "combined": {
    "totalOps": 21000,
    "opsPerSec": 723.0061114886508
  }
}