{
  "testName": "mixedReadWrite-r17_w5_R300k_W30k_c48mb",
  "timestamp": "2025-12-25T12:47:26.584Z",
  "configuration": {
    "id": "r17_w5_R300k_W30k_c48mb",
    "readWorkers": 17,
    "writeWorkers": 5,
    "readsPerWorker": 17648,
    "writesPerWorker": 6000,
    "totalReads": 300016,
    "totalWrites": 30000,
    "totalOperations": 330016,
    "readWriteRatio": 10.000533333333333,
    "cacheSize": 48000
  },
  "duration": 31853.991193,
  "reads": {
    "total": 300016,
    "successful": 300016,
    "errors": 0,
    "busyErrors": 0,
    "successRate": 100,
    "avgTime": 0.7184174812643422,
    "minTime": 0.050975000000107684,
    "maxTime": 76.35078199999771,
    "p50": 0.6368489999986195,
    "p95": 1.3579699999991135,
    "p99": 2.2330499999989115,
    "readsPerSec": 9418.474381506368,
    "byQueryType": {
      "posts_for_user": {
        "count": 74836,
        "avgTime": 0.1737760544390439,
        "p95": 0.2960000000002765,
        "p99": 0.756905000002007,
        "avgRowCount": 0.3611229889358063
      },
      "posts_in_timeframe": {
        "count": 75227,
        "avgTime": 1.0832772162388544,
        "p95": 1.5277380000006815,
        "p99": 2.304480999999214,
        "avgRowCount": 100
      },
      "single_post_with_details": {
        "count": 74895,
        "avgTime": 0.17341237525869344,
        "p95": 0.29679700000087905,
        "p99": 0.7012800000011339,
        "avgRowCount": 1.4803391414647173
      },
      "users_in_timeframe": {
        "count": 75058,
        "avgTime": 1.439588308481428,
        "p95": 1.6840830000001006,
        "p99": 17.482310999999754,
        "avgRowCount": 286.681486317248
      }
    }
  },
  "writes": {
    "total": 30000,
    "successful": 30000,
    "errors": 0,
    "lockErrors": 0,
    "successRate": 100,
    "avgTime": 1.7534959868666697,
    "minTime": 0.06380900000021938,
    "maxTime": 239.5746190000009,
    "p50": 0.45619600000009086,
    "p95": 4.703796000000693,
    "p99": 21.220131999998557,
    "writesPerSec": 941.7972089661587
  },
  "combined": {
    "totalOps": 330016,
    "opsPerSec": 10360.271590472526
  }
}