{
  "testName": "mixedReadWrite-r14_w4_R200k_W20k_c48mb",
  "timestamp": "2025-12-25T12:45:05.502Z",
  "configuration": {
    "id": "r14_w4_R200k_W20k_c48mb",
    "readWorkers": 14,
    "writeWorkers": 4,
    "readsPerWorker": 14286,
    "writesPerWorker": 5000,
    "totalReads": 200004,
    "totalWrites": 20000,
    "totalOperations": 220004,
    "readWriteRatio": 10.0002,
    "cacheSize": 48000
  },
  "duration": 20855.872648999997,
  "reads": {
    "total": 200004,
    "successful": 200004,
    "errors": 0,
    "busyErrors": 0,
    "successRate": 100,
    "avgTime": 0.6600460841983324,
    "minTime": 0.05308999999942898,
    "maxTime": 109.61733000000095,
    "p50": 0.5867400000006455,
    "p95": 1.2570199999991019,
    "p99": 1.9104279999992286,
    "readsPerSec": 9589.816900305528,
    "byQueryType": {
      "posts_for_user": {
        "count": 49917,
        "avgTime": 0.15682077041889492,
        "p95": 0.2637460000005376,
        "p99": 0.5880760000000009,
        "avgRowCount": 0.3238976701324198
      },
      "posts_in_timeframe": {
        "count": 49910,
        "avgTime": 1.057936319555201,
        "p95": 1.3947610000004715,
        "p99": 1.944962999999916,
        "avgRowCount": 100
      },
      "single_post_with_details": {
        "count": 50171,
        "avgTime": 0.16042030374121174,
        "p95": 0.26454000000012456,
        "p99": 0.5246320000001106,
        "avgRowCount": 1.4023439835761695
      },
      "users_in_timeframe": {
        "count": 50006,
        "avgTime": 1.2665237343319025,
        "p95": 1.5222830000002432,
        "p99": 10.674807000001238,
        "avgRowCount": 257.22693276806785
      }
    }
  },
  "writes": {
    "total": 20000,
    "successful": 20000,
    "errors": 0,
    "lockErrors": 0,
    "successRate": 100,
    "avgTime": 1.3662678576499985,
    "minTime": 0.08200399999986985,
    "maxTime": 202.55077299999994,
    "p50": 0.5028260000003684,
    "p95": 4.110340000000178,
    "p99": 19.82517700000062,
    "writesPerSec": 958.9625107803372
  },
  "combined": {
    "totalOps": 220004,
    "opsPerSec": 10548.779411085865
  }
}