{
  "testName": "mixedReadWrite-r12_w3_R200k_W20k_c48mb",
  "timestamp": "2025-12-25T12:43:40.075Z",
  "configuration": {
    "id": "r12_w3_R200k_W20k_c48mb",
    "readWorkers": 12,
    "writeWorkers": 3,
    "readsPerWorker": 16667,
    "writesPerWorker": 6667,
    "totalReads": 200004,
    "totalWrites": 20001,
    "totalOperations": 220005,
    "readWriteRatio": 9.99970001499925,
    "cacheSize": 48000
  },
  "duration": 21291.521372,
  "reads": {
    "total": 200004,
    "successful": 200004,
    "errors": 0,
    "busyErrors": 0,
    "successRate": 100,
    "avgTime": 0.5992244144017109,
    "minTime": 0.048166999999921245,
    "maxTime": 17.14829699999973,
    "p50": 0.4709609999990789,
    "p95": 1.1188739999997779,
    "p99": 1.478914999999688,
    "readsPerSec": 9393.598348637535,
    "byQueryType": {
      "posts_for_user": {
        "count": 50228,
        "avgTime": 0.13890948218125204,
        "p95": 0.20625899999959074,
        "p99": 0.3163400000003094,
        "avgRowCount": 0.3204587082901967
      },
      "posts_in_timeframe": {
        "count": 49864,
        "avgTime": 0.9703696214302957,
        "p95": 1.188521000000037,
        "p99": 1.5336399999996502,
        "avgRowCount": 100
      },
      "single_post_with_details": {
        "count": 49949,
        "avgTime": 0.14588606979118687,
        "p95": 0.21262399999977788,
        "p99": 0.3309769999996206,
        "avgRowCount": 1.4017698052013052
      },
      "users_in_timeframe": {
        "count": 49963,
        "avgTime": 1.1447823430138417,
        "p95": 1.2357969999993657,
        "p99": 9.785165000001143,
        "avgRowCount": 257.57898845145405
      }
    }
  },
  "writes": {
    "total": 20001,
    "successful": 20001,
    "errors": 0,
    "lockErrors": 0,
    "successRate": 100,
    "avgTime": 1.0334328848557588,
    "minTime": 0.07863100000031409,
    "maxTime": 134.35305300000027,
    "p50": 0.40103499999986525,
    "p95": 3.758969000000434,
    "p99": 10.008598000000347,
    "writesPerSec": 939.3880150951949
  },
  "combined": {
    "totalOps": 220005,
    "opsPerSec": 10332.98636373273
  }
}