{
  "testName": "mixedReadWrite-r10_w2_R2m_W200k_c8mb",
  "timestamp": "2025-12-25T10:15:23.015Z",
  "configuration": {
    "id": "r10_w2_R2m_W200k_c8mb",
    "readWorkers": 10,
    "writeWorkers": 2,
    "readsPerWorker": 200000,
    "writesPerWorker": 100000,
    "totalReads": 2000000,
    "totalWrites": 200000,
    "totalOperations": 2200000,
    "readWriteRatio": 10,
    "cacheSize": 8000
  },
  "duration": 556350.135191,
  "reads": {
    "total": 2000000,
    "successful": 2000000,
    "errors": 0,
    "busyErrors": 0,
    "successRate": 100,
    "avgTime": 0.776124644726776,
    "minTime": 0.04880100000082166,
    "maxTime": 304.1384400000097,
    "p50": 0.47731100002420135,
    "p95": 1.0786490000318736,
    "p99": 1.4895240000332706,
    "readsPerSec": 3594.8584775905233,
    "byQueryType": {
      "posts_for_user": {
        "count": 500078,
        "avgTime": 0.18557849718048294,
        "p95": 0.29715300002135336,
        "p99": 0.3972300000023097,
        "avgRowCount": 0.8242494170909338
      },
      "posts_in_timeframe": {
        "count": 499842,
        "avgTime": 0.8172291329260564,
        "p95": 1.1492229999857955,
        "p99": 1.611906000005547,
        "avgRowCount": 100
      },
      "single_post_with_details": {
        "count": 500232,
        "avgTime": 0.18508872249077668,
        "p95": 0.31871800002409145,
        "p99": 0.43497199995908886,
        "avgRowCount": 4.998732588079132
      },
      "users_in_timeframe": {
        "count": 499848,
        "avgTime": 1.9173285071681685,
        "p95": 1.2133810000959784,
        "p99": 47.34888900001533,
        "avgRowCount": 617.6438557321426
      }
    }
  },
  "writes": {
    "total": 200000,
    "successful": 200000,
    "errors": 0,
    "lockErrors": 0,
    "successRate": 100,
    "avgTime": 0.6329618097749854,
    "minTime": 0.06554000003961846,
    "maxTime": 113.50352500000736,
    "p50": 0.25130600002012216,
    "p95": 1.4949840000044787,
    "p99": 1.6425410000083502,
    "writesPerSec": 359.4858477590523
  },
  "combined": {
    "totalOps": 2200000,
    "opsPerSec": 3954.344325349576
  }
}