{
  "testName": "mixedReadWrite-r10_w2_R200k_W20k_c24mb",
  "timestamp": "2025-12-25T12:39:43.252Z",
  "configuration": {
    "id": "r10_w2_R200k_W20k_c24mb",
    "readWorkers": 10,
    "writeWorkers": 2,
    "readsPerWorker": 20000,
    "writesPerWorker": 10000,
    "totalReads": 200000,
    "totalWrites": 20000,
    "totalOperations": 220000,
    "readWriteRatio": 10,
    "cacheSize": 24000
  },
  "duration": 24486.585944000002,
  "reads": {
    "total": 200000,
    "successful": 200000,
    "errors": 0,
    "busyErrors": 0,
    "successRate": 100,
    "avgTime": 0.5648575640599989,
    "minTime": 0.04585999999926571,
    "maxTime": 77.18855700000131,
    "p50": 0.4693649999990157,
    "p95": 1.0787660000005417,
    "p99": 1.7061950000006618,
    "readsPerSec": 8167.737244277061,
    "byQueryType": {
      "posts_for_user": {
        "count": 50178,
        "avgTime": 0.13597507531189254,
        "p95": 0.20201700000006895,
        "p99": 0.3100300000005518,
        "avgRowCount": 0.3250428474630316
      },
      "posts_in_timeframe": {
        "count": 50012,
        "avgTime": 0.9129449942014034,
        "p95": 1.2030500000000757,
        "p99": 1.7424030000001949,
        "avgRowCount": 100
      },
      "single_post_with_details": {
        "count": 49929,
        "avgTime": 0.14217044657413988,
        "p95": 0.2171550000020943,
        "p99": 0.3245290000004388,
        "avgRowCount": 1.4063570269783092
      },
      "users_in_timeframe": {
        "count": 49881,
        "avgTime": 1.070385962711252,
        "p95": 1.3053899999995338,
        "p99": 9.171700000002602,
        "avgRowCount": 253.81022834345742
      }
    }
  },
  "writes": {
    "total": 20000,
    "successful": 20000,
    "errors": 0,
    "lockErrors": 0,
    "successRate": 100,
    "avgTime": 0.5231128209999961,
    "minTime": 0.06740700000045763,
    "maxTime": 87.81695500000023,
    "p50": 0.19858899999962887,
    "p95": 1.5269529999995939,
    "p99": 4.75398099999984,
    "writesPerSec": 816.7737244277062
  },
  "combined": {
    "totalOps": 220000,
    "opsPerSec": 8984.510968704768
  }
}