{
  "testName": "mixedReadWrite-r10_w2_R200k_W20k_c56mb",
  "timestamp": "2025-12-25T12:42:13.617Z",
  "configuration": {
    "id": "r10_w2_R200k_W20k_c56mb",
    "readWorkers": 10,
    "writeWorkers": 2,
    "readsPerWorker": 20000,
    "writesPerWorker": 10000,
    "totalReads": 200000,
    "totalWrites": 20000,
    "totalOperations": 220000,
    "readWriteRatio": 10,
    "cacheSize": 56000
  },
  "duration": 23677.782421,
  "reads": {
    "total": 200000,
    "successful": 200000,
    "errors": 0,
    "busyErrors": 0,
    "successRate": 100,
    "avgTime": 0.5639812656949965,
    "minTime": 0.048052000000097905,
    "maxTime": 13.941068000000087,
    "p50": 0.4952290000001085,
    "p95": 1.0944589999999152,
    "p99": 1.4032439999996313,
    "readsPerSec": 8446.73696395734,
    "byQueryType": {
      "posts_for_user": {
        "count": 49749,
        "avgTime": 0.13207445687349925,
        "p95": 0.1859020000010787,
        "p99": 0.2530050000000301,
        "avgRowCount": 0.3272025568353133
      },
      "posts_in_timeframe": {
        "count": 50047,
        "avgTime": 0.895354093731911,
        "p95": 1.111775000000307,
        "p99": 1.4110169999985374,
        "avgRowCount": 100
      },
      "single_post_with_details": {
        "count": 49957,
        "avgTime": 0.1329154178993949,
        "p95": 0.19221999999899708,
        "p99": 0.25473199999942153,
        "avgRowCount": 1.4033869127449607
      },
      "users_in_timeframe": {
        "count": 50247,
        "avgTime": 1.0901315326885346,
        "p95": 1.2086980000003678,
        "p99": 8.494200000001001,
        "avgRowCount": 279.46388839134676
      }
    }
  },
  "writes": {
    "total": 20000,
    "successful": 20000,
    "errors": 0,
    "lockErrors": 0,
    "successRate": 100,
    "avgTime": 0.5770029709000004,
    "minTime": 0.07104299999991781,
    "maxTime": 55.92069300000003,
    "p50": 0.21353199999975914,
    "p95": 1.624614999998812,
    "p99": 4.212603999998464,
    "writesPerSec": 844.6736963957339
  },
  "combined": {
    "totalOps": 220000,
    "opsPerSec": 9291.410660353073
  }
}