{
  "testName": "mixedReadWrite-r18_w5_R200k_W20k_c48mb",
  "timestamp": "2025-12-25T12:46:10.187Z",
  "configuration": {
    "id": "r18_w5_R200k_W20k_c48mb",
    "readWorkers": 18,
    "writeWorkers": 5,
    "readsPerWorker": 11112,
    "writesPerWorker": 4000,
    "totalReads": 200016,
    "totalWrites": 20000,
    "totalOperations": 220016,
    "readWriteRatio": 10.0008,
    "cacheSize": 48000
  },
  "duration": 20004.303731,
  "reads": {
    "total": 200016,
    "successful": 200016,
    "errors": 0,
    "busyErrors": 0,
    "successRate": 100,
    "avgTime": 0.7493997358161444,
    "minTime": 0.05408700000043609,
    "maxTime": 112.06546100000014,
    "p50": 0.726265000001149,
    "p95": 1.449137999999948,
    "p99": 2.9183759999996255,
    "readsPerSec": 9998.648425340689,
    "byQueryType": {
      "posts_for_user": {
        "count": 50412,
        "avgTime": 0.17944293981591458,
        "p95": 0.3272960000003877,
        "p99": 0.9947960000008607,
        "avgRowCount": 0.3267872728715385
      },
      "posts_in_timeframe": {
        "count": 49634,
        "avgTime": 1.1471715039489094,
        "p95": 1.681561999999758,
        "p99": 2.9052360000005137,
        "avgRowCount": 100
      },
      "single_post_with_details": {
        "count": 49936,
        "avgTime": 0.18717329810157143,
        "p95": 0.3262799999993149,
        "p99": 0.9424020000005839,
        "avgRowCount": 1.400032041012496
      },
      "users_in_timeframe": {
        "count": 50034,
        "avgTime": 1.4901959434784402,
        "p95": 1.9171519999999873,
        "p99": 12.582832999998573,
        "avgRowCount": 268.66298916736616
      }
    }
  },
  "writes": {
    "total": 20000,
    "successful": 20000,
    "errors": 0,
    "lockErrors": 0,
    "successRate": 100,
    "avgTime": 1.6336744303500015,
    "minTime": 0.08707200000026205,
    "maxTime": 444.0692320000003,
    "p50": 0.27458999999998923,
    "p95": 4.284734000000753,
    "p99": 21.43583100000069,
    "writesPerSec": 999.7848597452892
  },
  "combined": {
    "totalOps": 220016,
    "opsPerSec": 10998.433285085977
  }
}