{
  "testName": "mixedReadWrite-r20_w4_R2m_W200k_c24mb",
  "timestamp": "2025-12-25T09:15:22.900Z",
  "configuration": {
    "id": "r20_w4_R2m_W200k_c24mb",
    "readWorkers": 20,
    "writeWorkers": 4,
    "readsPerWorker": 100000,
    "writesPerWorker": 50000,
    "totalReads": 2000000,
    "totalWrites": 200000,
    "totalOperations": 2200000,
    "readWriteRatio": 10,
    "cacheSize": 24000
  },
  "duration": 377384.67640500003,
  "reads": {
    "total": 2000000,
    "successful": 2000000,
    "errors": 0,
    "busyErrors": 0,
    "successRate": 100,
    "avgTime": 1.065157289409987,
    "minTime": 0.049302999999781605,
    "maxTime": 534.5787869999767,
    "p50": 0.5586369999982708,
    "p95": 1.4551339999889024,
    "p99": 2.568654999980936,
    "readsPerSec": 5299.632245411175,
    "byQueryType": {
      "posts_for_user": {
        "count": 499463,
        "avgTime": 0.22781444644548723,
        "p95": 0.389089000003878,
        "p99": 0.7798429999966174,
        "avgRowCount": 0.7891455423124436
      },
      "posts_in_timeframe": {
        "count": 500552,
        "avgTime": 1.029506171025175,
        "p95": 1.5661620000028051,
        "p99": 2.7176060000201687,
        "avgRowCount": 100
      },
      "single_post_with_details": {
        "count": 499931,
        "avgTime": 0.22809877077432236,
        "p95": 0.4103420000174083,
        "p99": 0.7667250000231434,
        "avgRowCount": 4.698876444949403
      },
      "users_in_timeframe": {
        "count": 500054,
        "avgTime": 2.7740497475532693,
        "p95": 1.8622869999962859,
        "p99": 34.0968259999936,
        "avgRowCount": 587.4999740028077
      }
    }
  },
  "writes": {
    "total": 200000,
    "successful": 200000,
    "errors": 0,
    "lockErrors": 0,
    "successRate": 100,
    "avgTime": 1.2855136367549629,
    "minTime": 0.06230999997933395,
    "maxTime": 192.69316300000355,
    "p50": 0.30523600001470186,
    "p95": 3.9551569999894127,
    "p99": 9.820896000001085,
    "writesPerSec": 529.9632245411176
  },
  "combined": {
    "totalOps": 2200000,
    "opsPerSec": 5829.595469952293
  }
}