{
  "testName": "mixedReadWrite-r3_w1_R1.0m_W131.1k_c64mb",
  "timestamp": "2025-12-27T13:46:05.956Z",
  "configuration": {
    "id": "r3_w1_R1.0m_W131.1k_c64mb",
    "totalWorkers": 4,
    "readWorkers": 3,
    "writeWorkers": 1,
    "readsPerWorker": 349526,
    "writesPerWorker": 131072,
    "totalReads": 1048578,
    "totalWrites": 131072,
    "totalOperations": 1179650,
    "readWriteRatio": 8.000015258789062,
    "cacheSize": -64000
  },
  "duration": 286680.820415,
  "reads": {
    "total": 1048578,
    "successful": 1048578,
    "errors": 0,
    "busyErrors": 0,
    "successRate": 100,
    "avgTime": 0.2690503588269431,
    "minTime": 0.03982999999425374,
    "maxTime": 3.4239250000100583,
    "p50": 0.24192000000039116,
    "p95": 0.5923460000194609,
    "p99": 0.8443799999949988,
    "readsPerSec": 3657.6496414447097,
    "byQueryType": {
      "posts_for_user": {
        "count": 262396,
        "avgTime": 0.12071122592188595,
        "p95": 0.2168590000073891,
        "p99": 0.43591999998898245,
        "avgRowCount": 0.5164369883687251
      },
      "posts_in_timeframe": {
        "count": 262228,
        "avgTime": 0.5102664385115263,
        "p95": 0.7687409999780357,
        "p99": 1.0696630000020377,
        "avgRowCount": 100
      },
      "single_post_with_details": {
        "count": 262306,
        "avgTime": 0.11977733784591243,
        "p95": 0.2117349999898579,
        "p99": 0.43245299998670816,
        "avgRowCount": 2.304785250813935
      },
      "users_in_timeframe": {
        "count": 261648,
        "avgTime": 0.32571119329024106,
        "p95": 0.5057019999949262,
        "p99": 0.7570829999749549,
        "avgRowCount": 100
      }
    }
  },
  "writes": {
    "total": 131072,
    "successful": 131072,
    "errors": 0,
    "lockErrors": 0,
    "successRate": 100,
    "avgTime": 0.26652451448822156,
    "minTime": 0.06366299999899638,
    "maxTime": 71.60960199999863,
    "p50": 0.1353629999794066,
    "p95": 1.2437879999924917,
    "p99": 1.4680560000124387,
    "writesPerSec": 457.2053331306216
  },
  "combined": {
    "totalOps": 1179650,
    "opsPerSec": 4114.854974575331
  }
}