{
  "testName": "mixedReadWrite-r17_w5_R200k_W20k_c48mb",
  "timestamp": "2025-12-25T12:46:40.918Z",
  "configuration": {
    "id": "r17_w5_R200k_W20k_c48mb",
    "readWorkers": 17,
    "writeWorkers": 5,
    "readsPerWorker": 11765,
    "writesPerWorker": 4000,
    "totalReads": 200005,
    "totalWrites": 20000,
    "totalOperations": 220005,
    "readWriteRatio": 10.00025,
    "cacheSize": 48000
  },
  "duration": 19520.518839,
  "reads": {
    "total": 200005,
    "successful": 200005,
    "errors": 0,
    "busyErrors": 0,
    "successRate": 100,
    "avgTime": 0.6978516418489538,
    "minTime": 0.051961000000119384,
    "maxTime": 73.5187590000005,
    "p50": 0.7417750000004162,
    "p95": 1.368162000000666,
    "p99": 2.4751470000001063,
    "readsPerSec": 10245.885452614633,
    "byQueryType": {
      "posts_for_user": {
        "count": 50164,
        "avgTime": 0.17449915692528503,
        "p95": 0.31977999999980966,
        "p99": 0.8695770000003904,
        "avgRowCount": 0.3244159157961885
      },
      "posts_in_timeframe": {
        "count": 50213,
        "avgTime": 1.1063407662557616,
        "p95": 1.608234999999695,
        "p99": 2.631706000000122,
        "avgRowCount": 100
      },
      "single_post_with_details": {
        "count": 49739,
        "avgTime": 0.1835169274412408,
        "p95": 0.32723599999917496,
        "p99": 0.9179919999996855,
        "avgRowCount": 1.4047729146142867
      },
      "users_in_timeframe": {
        "count": 49889,
        "avgTime": 1.3257352235964008,
        "p95": 1.7067889999998442,
        "p99": 10.433310999998866,
        "avgRowCount": 248.69067329471426
      }
    }
  },
  "writes": {
    "total": 20000,
    "successful": 20000,
    "errors": 0,
    "lockErrors": 0,
    "successRate": 100,
    "avgTime": 1.6995978080500012,
    "minTime": 0.08477500000026339,
    "maxTime": 442.90640900000017,
    "p50": 0.4015479999998206,
    "p95": 4.403443000000152,
    "p99": 21.446297999998933,
    "writesPerSec": 1024.5629311881837
  },
  "combined": {
    "totalOps": 220005,
    "opsPerSec": 11270.448383802817
  }
}