{
  "testName": "mixedReadWrite-r200_w20_R2m_W200k_c24mb",
  "timestamp": "2025-12-24T20:48:42.715Z",
  "configuration": {
    "id": "r200_w20_R2m_W200k_c24mb",
    "readWorkers": 200,
    "writeWorkers": 20,
    "readsPerWorker": 10000,
    "writesPerWorker": 10000,
    "totalReads": 2000000,
    "totalWrites": 200000,
    "totalOperations": 2200000,
    "readWriteRatio": 10,
    "cacheSize": 24000
  },
  "duration": 461415.053001,
  "reads": {
    "total": 2000000,
    "successful": 2000000,
    "errors": 0,
    "busyErrors": 0,
    "successRate": 100,
    "avgTime": 3.2708326658583537,
    "minTime": 0.055886000001919456,
    "maxTime": 4177.337731000036,
    "p50": 0.9931439999782015,
    "p95": 8.083238000006531,
    "p99": 47.17456199997105,
    "readsPerSec": 4334.492312273274,
    "byQueryType": {
      "posts_for_user": {
        "count": 499782,
        "avgTime": 0.8279733681964705,
        "p95": 2.53740899998229,
        "p99": 13.940100000007078,
        "avgRowCount": 0.6057921253666598
      },
      "posts_in_timeframe": {
        "count": 499580,
        "avgTime": 3.5181250141500318,
        "p95": 11.70549999998184,
        "p99": 43.89327300002333,
        "avgRowCount": 100
      },
      "single_post_with_details": {
        "count": 500001,
        "avgTime": 0.7175911728716653,
        "p95": 2.1276600000128383,
        "p99": 11.610232000006363,
        "avgRowCount": 3.0731698536602927
      },
      "users_in_timeframe": {
        "count": 500637,
        "avgTime": 8.012747653921087,
        "p95": 17.70813600003021,
        "p99": 163.0570810000063,
        "avgRowCount": 731.4705605059155
      }
    }
  },
  "writes": {
    "total": 200000,
    "successful": 200000,
    "errors": 0,
    "lockErrors": 0,
    "successRate": 100,
    "avgTime": 7.957772203105036,
    "minTime": 0.06524400001217145,
    "maxTime": 2137.6333589999704,
    "p50": 1.5162819999968633,
    "p95": 35.79609800000617,
    "p99": 91.75076699996134,
    "writesPerSec": 433.4492312273274
  },
  "combined": {
    "totalOps": 2200000,
    "opsPerSec": 4767.941543500601
  }
}