{
  "testName": "tursoReadWrite-r200_w20_R2m_W200k_c24mb",
  "timestamp": "2025-12-24T21:51:51.173Z",
  "configuration": {
    "id": "r200_w20_R2m_W200k_c24mb",
    "readWorkers": 200,
    "writeWorkers": 20,
    "readsPerWorker": 10000,
    "writesPerWorker": 10000,
    "totalReads": 2000000,
    "totalWrites": 200000,
    "totalOperations": 2200000,
    "readWriteRatio": 10,
    "cacheSize": 24000
  },
  "duration": 776211.733163,
  "reads": {
    "total": 2000000,
    "successful": 99192,
    "errors": 1900808,
    "busyErrors": 9137,
    "successRate": 4.9596,
    "avgTime": 72.25084023222573,
    "minTime": 0.6325400000059744,
    "maxTime": 2134.8029030000034,
    "p50": 27.621645000006538,
    "p95": 269.0035910000006,
    "p99": 525.2302789999958,
    "readsPerSec": 127.78987454338086,
    "byQueryType": {
      "posts_for_user": {
        "count": 24743,
        "avgTime": 57.09877408471091,
        "p95": 214.0215129999997,
        "p99": 420.16757099999813,
        "avgRowCount": 0.27337024613021865
      },
      "posts_in_timeframe": {
        "count": 24847,
        "avgTime": 93.38984159689292,
        "p95": 341.92523799999617,
        "p99": 603.0829739999899,
        "avgRowCount": 100
      },
      "single_post_with_details": {
        "count": 24783,
        "avgTime": 54.82419406641645,
        "p95": 210.83662199998798,
        "p99": 420.75411700000404,
        "avgRowCount": 1.2599765968607513
      },
      "users_in_timeframe": {
        "count": 24819,
        "avgTime": 83.59502725456329,
        "p95": 303.816816999999,
        "p99": 558.2178530000092,
        "avgRowCount": 187.74829767516823
      }
    }
  },
  "writes": {
    "total": 200000,
    "successful": 47,
    "errors": 199953,
    "lockErrors": 11828,
    "successRate": 0.0235,
    "avgTime": 4.905959000000563,
    "minTime": 1.9812479999964125,
    "maxTime": 29.712234999999055,
    "p50": 3.4597559999965597,
    "p95": 10.806859000003897,
    "p99": 29.712234999999055,
    "writesPerSec": 0.060550488986399115
  },
  "combined": {
    "totalOps": 99239,
    "opsPerSec": 127.85042503236727
  }
}